Area Name,Area ID,Park Name,Park Name,Squirrel ID,Primary Fur Color,Primary Fur Color,Highlights in Fur Color,Highlights in Fur Color,Squirrel Latitude (DD.DDDDDD),Squirrel Longitude (-DD.DDDDDD)
LOWER MANHATTAN,C,Corlears Hook Park,3,C-15-13,Gray,3,Black,1,40.75382,-73.9758
LOWER MANHATTAN,C,Corlears Hook Park,3,C-15-14,Gray,3,Black,1,40.75382,-73.9758
LOWER MANHATTAN,C,Corlears Hook Park,3,C-15-15,Gray,3,Black,1,40.75382,-73.9758
UPPER MANHATTAN,A,Fort Tryon Park,4,A-01-11,Gray,3,Black,1,40.725308,-73.942789
CENTRAL MANHATTAN,B,John V. Lindsay East River Park,7,B-12-02,Black,1,Black,1,40.860225,-73.933143
UPPER MANHATTAN,A,Marcus Garvey Park,9,A-06-08,Black,1,Black,1,40.733575,-73.984391
UPPER MANHATTAN,A,St. Nicholas Park,14,A-04-02,Black,1,Black,1,40.846197,-73.941026
UPPER MANHATTAN,A,St. Nicholas Park,14,A-04-11,Black,1,Black,1,40.846197,-73.941026
UPPER MANHATTAN,A,St. Nicholas Park,14,A-04-15,Gray,3,Black,1,40.733501,-73.984417
CENTRAL MANHATTAN,B,Tompkins Square Park,17,B-11-03,Black,1,Black,1,40.725511,-73.943448
CENTRAL MANHATTAN,B,Tompkins Square Park,17,B-11-48,Black,1,Black,1,40.734314,-73.984118
CENTRAL MANHATTAN,B,Tompkins Square Park,17,B-11-49,Black,1,Black,1,40.720372,-73.984231
CENTRAL MANHATTAN,B,Tompkins Square Park,17,B-11-51,Black,1,Black,1,40.734383,-73.952326
CENTRAL MANHATTAN,B,Union Square Park,18,B-08-08,Gray,3,Black,1,40.733648,-73.984638
LOWER MANHATTAN,C,Battery Park,1,C-20-01,Gray,3,Cinnamon,2,40.725478,-73.944113
LOWER MANHATTAN,C,Battery Park,1,C-20-14,Gray,3,Cinnamon,2,40.725413,-73.943984
LOWER MANHATTAN,C,Battery Park,1,C-20-19,Gray,3,Cinnamon,2,40.722039,-73.952796
LOWER MANHATTAN,C,Battery Park,1,C-20-24,Gray,3,Cinnamon,2,40.76.005,-73.9648
LOWER MANHATTAN,C,Battery Park,1,C-20-25,Gray,3,Cinnamon,2,40.76.006,-73.9648
LOWER MANHATTAN,C,Battery Park,1,C-20-26,Gray,3,Cinnamon,2,40.76.007,-73.9648
LOWER MANHATTAN,C,City Hall Park,2,C-19-06,Gray,3,Cinnamon,2,40.712938,-74.005152
LOWER MANHATTAN,C,City Hall Park,2,C-19-07,Gray,3,Cinnamon,2,40.712938,-74.005152
LOWER MANHATTAN,C,Columbus Park,21,C-16-01,Gray,3,Cinnamon,2,40.720488,-73.952806
LOWER MANHATTAN,C,Columbus Park,21,C-16-02,Gray,3,Cinnamon,2,40.73566,-73.990351
LOWER MANHATTAN,C,Corlears Hook Park,3,C-15-04,Gray,3,Cinnamon,2,40.841217,-73.934714
LOWER MANHATTAN,C,Corlears Hook Park,3,C-15-05,Gray,3,Cinnamon,2,40.817593,-73.948855
LOWER MANHATTAN,C,Corlears Hook Park,3,C-15-09,Gray,3,Cinnamon,2,40.722966,-73.951987
UPPER MANHATTAN,A,Fort Tryon Park,4,A-01-05,Gray,3,Cinnamon,2,40.74189,-73.9664
UPPER MANHATTAN,A,Fort Tryon Park,4,A-01-06,Gray,3,Cinnamon,2,40.74189,-73.9664
UPPER MANHATTAN,A,Highbridge Park,5,A-03-01,Gray,3,Cinnamon,2,40.804912,-73.94408
UPPER MANHATTAN,A,Highbridge Park,5,A-03-05,Gray,3,Cinnamon,2,40.804729,-73.944053
UPPER MANHATTAN,A,Highbridge Park,5,A-03-07,Gray,3,Cinnamon,2,40.841204,-73.935434
UPPER MANHATTAN,A,Highbridge Park,5,A-03-08,Gray,3,Cinnamon,2,40.713276,-74.006323
UPPER MANHATTAN,A,Highbridge Park,5,A-03-09,Gray,3,Cinnamon,2,40.703882,-74.015955
UPPER MANHATTAN,A,Highbridge Park,5,A-03-10,Gray,3,Cinnamon,2,40.722962,-73.951752
UPPER MANHATTAN,A,Highbridge Park,5,A-03-11,Gray,3,Cinnamon,2,40.803981,-73.943273
UPPER MANHATTAN,A,Highbridge Park,5,A-03-13,Gray,3,Cinnamon,2,40.804912,-73.943738
UPPER MANHATTAN,A,Highbridge Park,5,A-03-14,Gray,3,Cinnamon,2,40.73566,-73.990351
UPPER MANHATTAN,A,Highbridge Park,5,A-03-15,Gray,3,Cinnamon,2,40.860825,-73.932871
UPPER MANHATTAN,A,Highbridge Park,5,A-03-16,Gray,3,Cinnamon,2,40.846332,-73.940369
UPPER MANHATTAN,A,J. Hood Wright Park,6,A-02-02,Gray,3,Cinnamon,2,40.70352,-74.015273
UPPER MANHATTAN,A,J. Hood Wright Park,6,A-02-03,Gray,3,Cinnamon,2,40.703487,-74.015278
UPPER MANHATTAN,A,J. Hood Wright Park,6,A-02-04,Gray,3,Cinnamon,2,40.7702,-73.9674
UPPER MANHATTAN,A,J. Hood Wright Park,6,A-02-05,Gray,3,Cinnamon,2,40.729858,-73.996843
UPPER MANHATTAN,A,J. Hood Wright Park,6,A-02-06,Gray,3,Cinnamon,2,40.72985,-73.996778
UPPER MANHATTAN,A,J. Hood Wright Park,6,A-02-08,Gray,3,Cinnamon,2,40.729822,-73.996816
UPPER MANHATTAN,A,J. Hood Wright Park,6,A-02-09,Gray,3,Cinnamon,2,40.729809,-73.996762
UPPER MANHATTAN,A,J. Hood Wright Park,6,A-02-10,Gray,3,Cinnamon,2,40.729939,-73.997068
UPPER MANHATTAN,A,J. Hood Wright Park,6,A-02-11,Gray,3,Cinnamon,2,40.72147,-73.952857
UPPER MANHATTAN,A,J. Hood Wright Park,6,A-02-12,Gray,3,Cinnamon,2,40.841178,-73.935482
UPPER MANHATTAN,A,J. Hood Wright Park,6,A-02-16,Gray,3,Cinnamon,2,40.720582,-73.952694
UPPER MANHATTAN,A,J. Hood Wright Park,6,A-02-18,Gray,3,Cinnamon,2,40.817544,-73.949016
UPPER MANHATTAN,A,J. Hood Wright Park,6,A-02-19,Gray,3,Cinnamon,2,40.817544,-73.949016
UPPER MANHATTAN,A,J. Hood Wright Park,6,A-02-20,Gray,3,Cinnamon,2,40.80352,-73.943629
UPPER MANHATTAN,A,J. Hood Wright Park,6,A-02-21,Gray,3,Cinnamon,2,40.803507,-73.943661
UPPER MANHATTAN,A,J. Hood Wright Park,6,A-02-22,Gray,3,Cinnamon,2,40.804701,-73.944118
UPPER MANHATTAN,A,J. Hood Wright Park,6,A-02-23,Gray,3,Cinnamon,2,40.804746,-73.94374
CENTRAL MANHATTAN,B,Madison Square Park,8,B-07-08,Gray,3,Cinnamon,2,40.735981,-73.99062
UPPER MANHATTAN,A,Marcus Garvey Park,9,A-06-33,Black,1,Cinnamon,2,40.846065,-73.941498
BROOKLYN,D,McCarren Park,10,D-22-04,Gray,3,Cinnamon,2,40.70295,-74.015813
BROOKLYN,D,McCarren Park,10,D-22-18,Cinnamon,2,Cinnamon,2,40.702467,-74.015757
BROOKLYN,D,McCarren Park,10,D-22-27,Gray,3,Cinnamon,2,40.702618,-74.016556
BROOKLYN,D,McCarren Park,10,D-22-33,Gray,3,Cinnamon,2,40.704011,-74.016134
BROOKLYN,D,McCarren Park,10,D-22-34,Cinnamon,2,Cinnamon,2,40.735636,-73.990426
BROOKLYN,D,McCarren Park,10,D-22-35,Cinnamon,2,Cinnamon,2,40.733648,-73.984294
BROOKLYN,D,McCarren Park,10,D-22-41,Cinnamon,2,Cinnamon,2,40.804613,-73.943829
BROOKLYN,D,Msgr. McGolrick Park,11,D-21-01,Gray,3,Cinnamon,2,40.702411,-74.015896
BROOKLYN,D,Msgr. McGolrick Park,11,D-21-02,Gray,3,Cinnamon,2,40.724755,-73.944006
BROOKLYN,D,Msgr. McGolrick Park,11,D-21-03,Gray,3,Cinnamon,2,40.723974,-73.943845
BROOKLYN,D,Msgr. McGolrick Park,11,D-21-06,Gray,3,Cinnamon,2,40.723462,-73.943952
BROOKLYN,D,Msgr. McGolrick Park,11,D-21-14,Gray,3,Cinnamon,2,40.725372,-73.943652
LOWER MANHATTAN,C,Seward Park,13,C-14-02,Gray,3,Cinnamon,2,40.721923,-73.974121
LOWER MANHATTAN,C,Seward Park,13,C-14-03,Gray,3,Cinnamon,2,40.721923,-73.974121
LOWER MANHATTAN,C,Seward Park,13,C-14-04,Gray,3,Cinnamon,2,40.804564,-73.943824
LOWER MANHATTAN,C,Seward Park,13,C-14-05,Gray,3,Cinnamon,2,40.804564,-73.943824
LOWER MANHATTAN,C,Seward Park,13,C-14-06,Gray,3,Cinnamon,2,40.721923,-73.974121
LOWER MANHATTAN,C,Seward Park,13,C-14-07,Gray,3,Cinnamon,2,40.721124,-73.950797
CENTRAL MANHATTAN,B,Stuyvesant Square Park,15,B-09-01,Gray,3,Cinnamon,2,40.733619,-73.984708
CENTRAL MANHATTAN,B,Stuyvesant Square Park,15,B-09-02,Gray,3,Cinnamon,2,40.71468,-73.989776
CENTRAL MANHATTAN,B,Stuyvesant Square Park,15,B-09-03,Gray,3,Cinnamon,2,40.721857,-73.953139
CENTRAL MANHATTAN,B,Stuyvesant Square Park,15,B-09-04,Gray,3,Cinnamon,2,40.722283,-73.953115
CENTRAL MANHATTAN,B,Stuyvesant Square Park,15,B-09-05,Gray,3,Cinnamon,2,40.720606,-73.952769
CENTRAL MANHATTAN,B,Stuyvesant Square Park,15,B-09-06,Gray,3,Cinnamon,2,40.720533,-73.95272
CENTRAL MANHATTAN,B,Stuyvesant Square Park,15,B-09-07,Gray,3,Cinnamon,2,40.859965,-73.933412
CENTRAL MANHATTAN,B,Stuyvesant Square Park,15,B-09-08,Gray,3,Cinnamon,2,40.804912,-73.943735
CENTRAL MANHATTAN,B,Stuyvesant Square Park,15,B-09-09,Gray,3,Cinnamon,2,40.804912,-73.943736
CENTRAL MANHATTAN,B,Stuyvesant Square Park,15,B-09-10,Gray,3,Cinnamon,2,40.804913,-73.943735
CENTRAL MANHATTAN,B,Stuyvesant Square Park,15,B-09-11,Gray,3,Cinnamon,2,40.804915,-73.943737
CENTRAL MANHATTAN,B,Stuyvesant Square Park,15,B-09-12,Gray,3,Cinnamon,2,40.804916,-73.943735
CENTRAL MANHATTAN,B,Stuyvesant Square Park,15,B-09-13,Gray,3,Cinnamon,2,40.804914,-73.943736
CENTRAL MANHATTAN,B,Stuyvesant Square Park,15,B-09-14,Black,1,Cinnamon,2,40.804917,-73.943737
CENTRAL MANHATTAN,B,Stuyvesant Square Park,15,B-09-15,Black,1,Cinnamon,2,40.804713,-73.944032
CENTRAL MANHATTAN,B,Stuyvesant Square Park,15,B-09-16,Black,1,Cinnamon,2,40.803981,-73.943327
CENTRAL MANHATTAN,B,Stuyvesant Square Park,15,B-09-17,Gray,3,Cinnamon,2,40.804123,-73.943402
CENTRAL MANHATTAN,B,Stuyvesant Square Park,15,B-09-18,Gray,3,Cinnamon,2,40.804878,-73.942781
CENTRAL MANHATTAN,B,Stuyvesant Square Park,15,B-09-19,Black,1,Cinnamon,2,40.804878,-73.943737
CENTRAL MANHATTAN,B,Stuyvesant Square Park,15,B-09-20,Gray,3,Cinnamon,2,40.804915,-73.943327
CENTRAL MANHATTAN,B,Stuyvesant Square Park,15,B-09-21,Gray,3,Cinnamon,2,40.803981,-73.943736
CENTRAL MANHATTAN,B,Stuyvesant Square Park,15,B-09-22,Gray,3,Cinnamon,2,40.804917,-73.943327
CENTRAL MANHATTAN,B,Stuyvesant Square Park,15,B-09-23,Gray,3,Cinnamon,2,40.804915,-73.943327
CENTRAL MANHATTAN,B,Stuyvesant Square Park,15,B-09-24,Black,1,Cinnamon,2,40.804915,-73.943736
CENTRAL MANHATTAN,B,Stuyvesant Square Park,15,B-09-25,Black,1,Cinnamon,2,40.804915,-73.943736
LOWER MANHATTAN,C,Teardrop Park,16,C-18-01,Gray,3,Cinnamon,2,40.715779,-73.999887
CENTRAL MANHATTAN,B,Union Square Park,18,B-08-01,Cinnamon,2,Cinnamon,2,40.733546,-73.983263
CENTRAL MANHATTAN,B,Union Square Park,18,B-08-07,Gray,3,Cinnamon,2,40.733591,-73.983263
LOWER MANHATTAN,C,Battery Park,1,C-20-02,Gray,3,"Cinnamon, White",2.4,40.842511,-73.932916
LOWER MANHATTAN,C,Battery Park,1,C-20-03,Gray,3,"Cinnamon, White",2.4,40.714846,-73.989679
LOWER MANHATTAN,C,Battery Park,1,C-20-05,Gray,3,"Cinnamon, White",2.4,40.719379,-73.973504
LOWER MANHATTAN,C,Battery Park,1,C-20-10,Gray,3,"Cinnamon, White",2.4,40.71935,-73.973445
LOWER MANHATTAN,C,City Hall Park,2,C-19-04,Gray,3,"Cinnamon, White",2.4,40.817569,-73.948931
LOWER MANHATTAN,C,City Hall Park,2,C-19-05,Gray,3,"Cinnamon, White",2.4,40.714867,-74.000236
LOWER MANHATTAN,C,City Hall Park,2,C-19-11,Gray,3,"Cinnamon, White",2.4,40.724608,-73.972841
BROOKLYN,D,McCarren Park,10,D-22-10,Gray,3,"Cinnamon, White",2.4,40.712836,-74.005662
BROOKLYN,D,McCarren Park,10,D-22-17,Gray,3,"Cinnamon, White",2.4,40.71312,-74.006862
BROOKLYN,D,McCarren Park,10,D-22-20,Gray,3,"Cinnamon, White",2.4,40.741805,-73.988448
BROOKLYN,D,McCarren Park,10,D-22-21,Gray,3,"Cinnamon, White",2.4,40.725511,-73.943609
BROOKLYN,D,McCarren Park,10,D-22-22,Gray,3,"Cinnamon, White",2.4,40.723136,-73.951794
BROOKLYN,D,McCarren Park,10,D-22-25,Gray,3,"Cinnamon, White",2.4,40.72263,-73.973001
BROOKLYN,D,McCarren Park,10,D-22-29,Gray,3,"Cinnamon, White",2.4,40.803794,-73.944003
BROOKLYN,D,McCarren Park,10,D-22-32,Gray,3,"Cinnamon, White",2.4,40.803795,-73.944003
BROOKLYN,D,McCarren Park,10,D-22-38,Gray,3,"Cinnamon, White",2.4,40.803794,-73.944004
BROOKLYN,D,McCarren Park,10,D-22-39,Gray,3,"Cinnamon, White",2.4,40.803794,-73.944005
BROOKLYN,D,McCarren Park,10,D-22-44,Gray,3,"Cinnamon, White",2.4,40.803796,-73.944003
LOWER MANHATTAN,C,Seward Park,13,C-14-01,Gray,3,"Cinnamon, White",2.4,40.804564,-73.943824
LOWER MANHATTAN,C,City Hall Park,2,C-19-09,Gray,3,Gray,3,40.721173,-73.950781
LOWER MANHATTAN,C,Corlears Hook Park,3,C-15-10,Gray,3,Gray,3,40.720412,-73.952353
UPPER MANHATTAN,A,Fort Tryon Park,4,A-01-08,Black,1,Gray,3,40.803795,-73.944004
UPPER MANHATTAN,A,Highbridge Park,5,A-03-06,Gray,3,Gray,3,40.84719,-73.941308
UPPER MANHATTAN,A,J. Hood Wright Park,6,A-02-01,Gray,3,Gray,3,40.735941,-73.99063
UPPER MANHATTAN,A,J. Hood Wright Park,6,A-02-07,Gray,3,Gray,3,40.712224,-73.979669
UPPER MANHATTAN,A,J. Hood Wright Park,6,A-02-14,Gray,3,Gray,3,40.846271,-73.940579
UPPER MANHATTAN,A,J. Hood Wright Park,6,A-02-17,Gray,3,Gray,3,40.846417,-73.941115
CENTRAL MANHATTAN,B,John V. Lindsay East River Park,7,B-12-01,Gray,3,Gray,3,40.860225,-73.933143
CENTRAL MANHATTAN,B,John V. Lindsay East River Park,7,B-12-03,Gray,3,Gray,3,40.859892,-73.933326
CENTRAL MANHATTAN,B,John V. Lindsay East River Park,7,B-12-04,Gray,3,Gray,3,40.817711,-73.949118
CENTRAL MANHATTAN,B,John V. Lindsay East River Park,7,B-12-05,Gray,3,Gray,3,40.816685,-73.949689
CENTRAL MANHATTAN,B,John V. Lindsay East River Park,7,B-12-06,Gray,3,Gray,3,40.816506,-73.949587
CENTRAL MANHATTAN,B,John V. Lindsay East River Park,7,B-12-07,Gray,3,Gray,3,40.712828,-74.005072
CENTRAL MANHATTAN,B,John V. Lindsay East River Park,7,B-12-08,Gray,3,Gray,3,40.704142,-74.015837
CENTRAL MANHATTAN,B,John V. Lindsay East River Park,7,B-12-09,Gray,3,Gray,3,40.704175,-74.015306
CENTRAL MANHATTAN,B,John V. Lindsay East River Park,7,B-12-10,Gray,3,Gray,3,40.704468,-74.014774
CENTRAL MANHATTAN,B,John V. Lindsay East River Park,7,B-12-11,Gray,3,Gray,3,40.704453,-74.014757
CENTRAL MANHATTAN,B,John V. Lindsay East River Park,7,B-12-12,Gray,3,Gray,3,40.720448,-73.952521
UPPER MANHATTAN,A,Marcus Garvey Park,9,A-06-01,Gray,3,Gray,3,40.713339,-74.006313
UPPER MANHATTAN,A,Marcus Garvey Park,9,A-06-02,Gray,3,Gray,3,40.72112,-73.95104
UPPER MANHATTAN,A,Marcus Garvey Park,9,A-06-03,Gray,3,Gray,3,40.712893,-74.005233
UPPER MANHATTAN,A,Marcus Garvey Park,9,A-06-04,Gray,3,Gray,3,40.712893,-74.005233
UPPER MANHATTAN,A,Marcus Garvey Park,9,A-06-05,Gray,3,Gray,3,40.859576,-73.933738
UPPER MANHATTAN,A,Marcus Garvey Park,9,A-06-06,Gray,3,Gray,3,40.859636,-73.933717
UPPER MANHATTAN,A,Marcus Garvey Park,9,A-06-07,Gray,3,Gray,3,40.859416,-73.933894
UPPER MANHATTAN,A,Marcus Garvey Park,9,A-06-09,Gray,3,Gray,3,40.842769,-73.934478
UPPER MANHATTAN,A,Marcus Garvey Park,9,A-06-10,Gray,3,Gray,3,40.712995,-74.005963
UPPER MANHATTAN,A,Marcus Garvey Park,9,A-06-11,Gray,3,Gray,3,40.722614,-73.973033
UPPER MANHATTAN,A,Marcus Garvey Park,9,A-06-12,Gray,3,Gray,3,40.722173,-73.97272
UPPER MANHATTAN,A,Marcus Garvey Park,9,A-06-13,Gray,3,Gray,3,40.724774,-73.97275
UPPER MANHATTAN,A,Marcus Garvey Park,9,A-06-14,Gray,3,Gray,3,40.721933,-73.953147
UPPER MANHATTAN,A,Marcus Garvey Park,9,A-06-15,Gray,3,Gray,3,40.712872,-74.006878
UPPER MANHATTAN,A,Marcus Garvey Park,9,A-06-16,Gray,3,Gray,3,40.712872,-74.006878
UPPER MANHATTAN,A,Marcus Garvey Park,9,A-06-17,Gray,3,Gray,3,40.722819,-73.952095
UPPER MANHATTAN,A,Marcus Garvey Park,9,A-06-18,Gray,3,Gray,3,40.720458,-73.954244
UPPER MANHATTAN,A,Marcus Garvey Park,9,A-06-19,Gray,3,Gray,3,40.73542,-73.990453
UPPER MANHATTAN,A,Marcus Garvey Park,9,A-06-20,Gray,3,Gray,3,40.735945,-73.990201
UPPER MANHATTAN,A,Marcus Garvey Park,9,A-06-21,Gray,3,Gray,3,40.73604,-73.98966
UPPER MANHATTAN,A,Marcus Garvey Park,9,A-06-22,Gray,3,Gray,3,40.73618,-73.990683
UPPER MANHATTAN,A,Marcus Garvey Park,9,A-06-23,Gray,3,Gray,3,40.736298,-73.990559
UPPER MANHATTAN,A,Marcus Garvey Park,9,A-06-24,Gray,3,Gray,3,40.712199,-73.979519
UPPER MANHATTAN,A,Marcus Garvey Park,9,A-06-25,Gray,3,Gray,3,40.817719,-73.948855
UPPER MANHATTAN,A,Marcus Garvey Park,9,A-06-26,Gray,3,Gray,3,40.816555,-73.949609
UPPER MANHATTAN,A,Marcus Garvey Park,9,A-06-27,Gray,3,Gray,3,40.818263,-73.948909
UPPER MANHATTAN,A,Marcus Garvey Park,9,A-06-28,Gray,3,Gray,3,40.76203,-73.9716
UPPER MANHATTAN,A,Marcus Garvey Park,9,A-06-29,Gray,3,Gray,3,40.76203,-73.9716
UPPER MANHATTAN,A,Marcus Garvey Park,9,A-06-30,Gray,3,Gray,3,40.76203,-73.9716
UPPER MANHATTAN,A,Marcus Garvey Park,9,A-06-31,Gray,3,Gray,3,40.845875,-73.940808
UPPER MANHATTAN,A,Marcus Garvey Park,9,A-06-32,Gray,3,Gray,3,40.845875,-73.940808
UPPER MANHATTAN,A,Marcus Garvey Park,9,A-06-34,Gray,3,Gray,3,40.846088,-73.940613
BROOKLYN,D,McCarren Park,10,D-22-09,Gray,3,Gray,3,40.742556,-73.986971
BROOKLYN,D,McCarren Park,10,D-22-11,Gray,3,Gray,3,40.741528,-73.988324
BROOKLYN,D,McCarren Park,10,D-22-16,Cinnamon,2,Gray,3,40.735896,-73.99041
BROOKLYN,D,McCarren Park,10,D-22-37,Gray,3,Gray,3,40.73579,-73.990738
BROOKLYN,D,McCarren Park,10,D-22-42,Gray,3,Gray,3,40.735514,-73.99033
BROOKLYN,D,Msgr. McGolrick Park,11,D-21-13,Gray,3,Gray,3,40.74145,-73.987884
UPPER MANHATTAN,A,Riverside Park (Section Near Grant Memorial),12,A-05-01,Gray,3,Gray,3,40.715484,-73.989299
UPPER MANHATTAN,A,Riverside Park (Section Near Grant Memorial),12,A-05-02,Gray,3,Gray,3,40.712922,-74.005147
UPPER MANHATTAN,A,Riverside Park (Section Near Grant Memorial),12,A-05-03,Gray,3,Gray,3,40.712922,-74.005147
UPPER MANHATTAN,A,Riverside Park (Section Near Grant Memorial),12,A-05-04,Gray,3,Gray,3,40.725397,-73.944124
UPPER MANHATTAN,A,Riverside Park (Section Near Grant Memorial),12,A-05-05,Gray,3,Gray,3,40.715415,-73.989567
UPPER MANHATTAN,A,Riverside Park (Section Near Grant Memorial),12,A-05-06,Gray,3,Gray,3,40.721258,-73.950799
UPPER MANHATTAN,A,Riverside Park (Section Near Grant Memorial),12,A-05-07,Gray,3,Gray,3,40.721217,-73.95077
UPPER MANHATTAN,A,Riverside Park (Section Near Grant Memorial),12,A-05-08,Gray,3,Gray,3,40.72937,-73.9692
UPPER MANHATTAN,A,Riverside Park (Section Near Grant Memorial),12,A-05-09,Gray,3,Gray,3,40.72937,-73.9692
UPPER MANHATTAN,A,Riverside Park (Section Near Grant Memorial),12,A-05-10,Gray,3,Gray,3,40.72937,-73.9692
UPPER MANHATTAN,A,Riverside Park (Section Near Grant Memorial),12,A-05-11,Gray,3,Gray,3,40.72937,-73.9692
UPPER MANHATTAN,A,Riverside Park (Section Near Grant Memorial),12,A-05-12,Gray,3,Gray,3,40.72937,-73.9692
UPPER MANHATTAN,A,Riverside Park (Section Near Grant Memorial),12,A-05-13,Gray,3,Gray,3,40.72937,-73.9692
UPPER MANHATTAN,A,Riverside Park (Section Near Grant Memorial),12,A-05-14,Gray,3,Gray,3,40.72937,-73.9692
UPPER MANHATTAN,A,Riverside Park (Section Near Grant Memorial),12,A-05-15,Gray,3,Gray,3,40.72937,-73.9692
UPPER MANHATTAN,A,Riverside Park (Section Near Grant Memorial),12,A-05-16,Gray,3,Gray,3,40.72937,-73.9692
UPPER MANHATTAN,A,Riverside Park (Section Near Grant Memorial),12,A-05-17,Gray,3,Gray,3,40.72937,-73.9692
UPPER MANHATTAN,A,Riverside Park (Section Near Grant Memorial),12,A-05-18,Gray,3,Gray,3,40.80362,-73.944067
UPPER MANHATTAN,A,Riverside Park (Section Near Grant Memorial),12,A-05-19,Gray,3,Gray,3,40.724011,-73.97313
UPPER MANHATTAN,A,Riverside Park (Section Near Grant Memorial),12,A-05-20,Gray,3,Gray,3,40.817719,-73.948914
UPPER MANHATTAN,A,Riverside Park (Section Near Grant Memorial),12,A-05-21,Gray,3,Gray,3,40.713044,-74.005404
UPPER MANHATTAN,A,Riverside Park (Section Near Grant Memorial),12,A-05-22,Gray,3,Gray,3,40.70442,-74.014741
UPPER MANHATTAN,A,Riverside Park (Section Near Grant Memorial),12,A-05-23,Gray,3,Gray,3,40.72167,-73.953364
UPPER MANHATTAN,A,Riverside Park (Section Near Grant Memorial),12,A-05-24,Gray,3,Gray,3,40.721768,-73.953192
UPPER MANHATTAN,A,Riverside Park (Section Near Grant Memorial),12,A-05-25,Gray,3,Gray,3,40.723071,-73.951697
UPPER MANHATTAN,A,Riverside Park (Section Near Grant Memorial),12,A-05-26,Gray,3,Gray,3,40.723071,-73.951697
UPPER MANHATTAN,A,Riverside Park (Section Near Grant Memorial),12,A-05-27,Gray,3,Gray,3,40.725527,-73.943974
UPPER MANHATTAN,A,Riverside Park (Section Near Grant Memorial),12,A-05-28,Gray,3,Gray,3,40.719777,-73.952774
UPPER MANHATTAN,A,St. Nicholas Park,14,A-04-06,Gray,3,Gray,3,40.733737,-73.984644
UPPER MANHATTAN,A,St. Nicholas Park,14,A-04-07,Gray,3,Gray,3,40.733932,-73.984612
UPPER MANHATTAN,A,St. Nicholas Park,14,A-04-10,Gray,3,Gray,3,40.734014,-73.984461
UPPER MANHATTAN,A,St. Nicholas Park,14,A-04-14,Gray,3,Gray,3,40.734083,-73.984322
CENTRAL MANHATTAN,B,Tompkins Square Park,17,B-11-01,Gray,3,Gray,3,40.733737,-73.98438
CENTRAL MANHATTAN,B,Tompkins Square Park,17,B-11-02,Gray,3,Gray,3,40.733506,-73.984553
CENTRAL MANHATTAN,B,Tompkins Square Park,17,B-11-04,Gray,3,Gray,3,40.73403,-73.984199
CENTRAL MANHATTAN,B,Tompkins Square Park,17,B-11-05,Gray,3,Gray,3,40.734314,-73.984231
CENTRAL MANHATTAN,B,Tompkins Square Park,17,B-11-06,Gray,3,Gray,3,40.734335,-73.984038
CENTRAL MANHATTAN,B,Tompkins Square Park,17,B-11-07,Gray,3,Gray,3,40.734383,-73.984118
CENTRAL MANHATTAN,B,Tompkins Square Park,17,B-11-08,Gray,3,Gray,3,40.734356,-73.984062
CENTRAL MANHATTAN,B,Tompkins Square Park,17,B-11-09,Gray,3,Gray,3,40.714749,-73.989577
CENTRAL MANHATTAN,B,Tompkins Square Park,17,B-11-10,Gray,3,Gray,3,40.720749,-73.951891
CENTRAL MANHATTAN,B,Tompkins Square Park,17,B-11-11,Gray,3,Gray,3,40.720018,-73.953442
CENTRAL MANHATTAN,B,Tompkins Square Park,17,B-11-12,Gray,3,Gray,3,40.720372,-73.952326
CENTRAL MANHATTAN,B,Tompkins Square Park,17,B-11-13,Gray,3,Gray,3,40.719376,-73.952326
CENTRAL MANHATTAN,B,Tompkins Square Park,17,B-11-14,Gray,3,Gray,3,40.816677,-73.949549
CENTRAL MANHATTAN,B,Tompkins Square Park,17,B-11-15,Gray,3,Gray,3,40.818308,-73.948952
CENTRAL MANHATTAN,B,Tompkins Square Park,17,B-11-16,Gray,3,Gray,3,40.818308,-73.952326
CENTRAL MANHATTAN,B,Tompkins Square Park,17,B-11-17,Gray,3,Gray,3,40.818308,-73.952326
CENTRAL MANHATTAN,B,Tompkins Square Park,17,B-11-18,Gray,3,Gray,3,40.730703,-73.995821
CENTRAL MANHATTAN,B,Tompkins Square Park,17,B-11-19,Gray,3,Gray,3,40.730638,-73.995784
CENTRAL MANHATTAN,B,Tompkins Square Park,17,B-11-20,Gray,3,Gray,3,40.730528,-73.995891
CENTRAL MANHATTAN,B,Tompkins Square Park,17,B-11-21,Gray,3,Gray,3,40.730394,-73.996009
CENTRAL MANHATTAN,B,Tompkins Square Park,17,B-11-22,Gray,3,Gray,3,40.730223,-73.996132
CENTRAL MANHATTAN,B,Tompkins Square Park,17,B-11-23,Gray,3,Gray,3,40.7429,-73.9734
CENTRAL MANHATTAN,B,Tompkins Square Park,17,B-11-24,Gray,3,Gray,3,40.7429,-73.9734
CENTRAL MANHATTAN,B,Tompkins Square Park,17,B-11-25,Gray,3,Gray,3,40.7429,-73.9734
CENTRAL MANHATTAN,B,Tompkins Square Park,17,B-11-26,Gray,3,Gray,3,40.7429,-73.9734
CENTRAL MANHATTAN,B,Tompkins Square Park,17,B-11-27,Gray,3,Gray,3,40.7429,-73.9734
CENTRAL MANHATTAN,B,Tompkins Square Park,17,B-11-28,Gray,3,Gray,3,40.7429,-73.9734
CENTRAL MANHATTAN,B,Tompkins Square Park,17,B-11-29,Gray,3,Gray,3,40.7429,-73.9734
CENTRAL MANHATTAN,B,Tompkins Square Park,17,B-11-30,Gray,3,Gray,3,40.7429,-73.9734
CENTRAL MANHATTAN,B,Tompkins Square Park,17,B-11-31,Gray,3,Gray,3,40.7429,-73.9734
CENTRAL MANHATTAN,B,Tompkins Square Park,17,B-11-32,Gray,3,Gray,3,40.7429,-73.9734
CENTRAL MANHATTAN,B,Tompkins Square Park,17,B-11-33,Gray,3,Gray,3,40.7429,-73.9734
CENTRAL MANHATTAN,B,Tompkins Square Park,17,B-11-34,Gray,3,Gray,3,40.7429,-73.9734
CENTRAL MANHATTAN,B,Tompkins Square Park,17,B-11-35,Gray,3,Gray,3,40.7429,-73.9734
CENTRAL MANHATTAN,B,Tompkins Square Park,17,B-11-36,Gray,3,Gray,3,40.7429,-73.9734
CENTRAL MANHATTAN,B,Tompkins Square Park,17,B-11-37,Gray,3,Gray,3,40.7429,-73.9734
CENTRAL MANHATTAN,B,Tompkins Square Park,17,B-11-38,Gray,3,Gray,3,40.7429,-73.9734
CENTRAL MANHATTAN,B,Tompkins Square Park,17,B-11-39,Gray,3,Gray,3,40.7429,-73.9734
CENTRAL MANHATTAN,B,Tompkins Square Park,17,B-11-40,Gray,3,Gray,3,40.7429,-73.9734
CENTRAL MANHATTAN,B,Tompkins Square Park,17,B-11-41,Gray,3,Gray,3,40.7429,-73.9734
CENTRAL MANHATTAN,B,Tompkins Square Park,17,B-11-42,Gray,3,Gray,3,40.7429,-73.9734
CENTRAL MANHATTAN,B,Tompkins Square Park,17,B-11-43,Gray,3,Gray,3,40.7429,-73.9734
CENTRAL MANHATTAN,B,Tompkins Square Park,17,B-11-44,Gray,3,Gray,3,40.7429,-73.9734
CENTRAL MANHATTAN,B,Tompkins Square Park,17,B-11-45,Gray,3,Gray,3,40.7429,-73.9734
CENTRAL MANHATTAN,B,Tompkins Square Park,17,B-11-46,Gray,3,Gray,3,40.7429,-73.9734
CENTRAL MANHATTAN,B,Tompkins Square Park,17,B-11-47,Gray,3,Gray,3,40.7429,-73.9734
CENTRAL MANHATTAN,B,Tompkins Square Park,17,B-11-50,Gray,3,Gray,3,40.7429,-73.9734
CENTRAL MANHATTAN,B,Tompkins Square Park,17,B-11-52,Gray,3,Gray,3,40.7429,-73.9734
CENTRAL MANHATTAN,B,Tompkins Square Park,17,B-11-53,Gray,3,Gray,3,40.7429,-73.9734
CENTRAL MANHATTAN,B,Tompkins Square Park,17,B-11-54,Gray,3,Gray,3,40.7429,-73.9734
CENTRAL MANHATTAN,B,Tompkins Square Park,17,B-11-55,Gray,3,Gray,3,40.7429,-73.9734
CENTRAL MANHATTAN,B,Tompkins Square Park,17,B-11-56,Gray,3,Gray,3,40.7429,-73.9734
CENTRAL MANHATTAN,B,Tompkins Square Park,17,B-11-57,Gray,3,Gray,3,40.7429,-73.9734
CENTRAL MANHATTAN,B,Tompkins Square Park,17,B-11-58,Gray,3,Gray,3,40.85941,-73.933936
CENTRAL MANHATTAN,B,Tompkins Square Park,17,B-11-59,Gray,3,Gray,3,40.859436,-73.933937
CENTRAL MANHATTAN,B,Union Square Park,18,B-08-02,Gray,3,Gray,3,40.846064,-73.941497
CENTRAL MANHATTAN,B,Washington Square Park,19,B-10-01,Gray,3,Gray,3,40.847296,-73.942061
CENTRAL MANHATTAN,B,Washington Square Park,19,B-10-02,Gray,3,Gray,3,40.847259,-73.941598
CENTRAL MANHATTAN,B,Washington Square Park,19,B-10-03,Gray,3,Gray,3,40.84719,-73.941308
CENTRAL MANHATTAN,B,Washington Square Park,19,B-10-04,Gray,3,Gray,3,40.742807,-73.988435
CENTRAL MANHATTAN,B,Washington Square Park,19,B-10-09,Gray,3,Gray,3,40.733753,-73.983682
CENTRAL MANHATTAN,B,Washington Square Park,19,B-10-11,Gray,3,Gray,3,40.733648,-73.983483
CENTRAL MANHATTAN,B,Washington Square Park,19,B-10-12,Gray,3,Gray,3,40.733631,-73.983419
BROOKLYN,D,McCarren Park,10,D-22-36,Cinnamon,2,"Gray, Cinnamon",3.2,40.735947,-73.99023
LOWER MANHATTAN,C,Battery Park,1,C-20-06,Cinnamon,2,"Gray, White",3.4,40.731974,-73.998482
BROOKLYN,D,McCarren Park,10,D-22-19,Cinnamon,2,"Gray, White",3.4,40.711303,-73.97759
LOWER MANHATTAN,C,Battery Park,1,C-20-04,Cinnamon,2,Unknown,5,40.731665,-73.997747
LOWER MANHATTAN,C,Battery Park,1,C-20-18,Gray,3,Unknown,5,40.731548,-73.99758
LOWER MANHATTAN,C,Battery Park,1,C-20-20,Cinnamon,2,Unknown,5,40.731389,-73.997231
LOWER MANHATTAN,C,Battery Park,1,C-20-22,Cinnamon,2,Unknown,5,40.7312,-73.996805
LOWER MANHATTAN,C,Battery Park,1,C-20-23,Gray,3,Unknown,5,40.731119,-73.996655
LOWER MANHATTAN,C,City Hall Park,2,C-19-02,Gray,3,Unknown,5,40.731861,-73.998122
LOWER MANHATTAN,C,City Hall Park,2,C-19-03,Gray,3,Unknown,5,40.731804,-73.997999
LOWER MANHATTAN,C,City Hall Park,2,C-19-13,Gray,3,Unknown,5,40.731747,-73.997859
LOWER MANHATTAN,C,Columbus Park,21,C-16-03,Gray,3,Unknown,5,40.731936,-73.998598
LOWER MANHATTAN,C,Columbus Park,21,C-16-04,Gray,3,Unknown,5,40.732001,-73.998491
LOWER MANHATTAN,C,Corlears Hook Park,3,C-15-01,Gray,3,Unknown,5,40.730411,-73.997766
LOWER MANHATTAN,C,Corlears Hook Park,3,C-15-02,Gray,3,Unknown,5,40.731031,-73.999122
LOWER MANHATTAN,C,Corlears Hook Park,3,C-15-03,Gray,3,Unknown,5,40.731504,-73.998977
LOWER MANHATTAN,C,Corlears Hook Park,3,C-15-06,Gray,3,Unknown,5,40.731548,-73.998842
LOWER MANHATTAN,C,Corlears Hook Park,3,C-15-07,Gray,3,Unknown,5,40.731608,-73.998928
LOWER MANHATTAN,C,Corlears Hook Park,3,C-15-08,Gray,3,Unknown,5,40.731503,-73.999014
LOWER MANHATTAN,C,Corlears Hook Park,3,C-15-12,Gray,3,Unknown,5,40.731552,-73.998788
LOWER MANHATTAN,C,Corlears Hook Park,3,C-15-16,Cinnamon,2,Unknown,5,40.731952,-73.998647
CENTRAL MANHATTAN,B,Madison Square Park,8,B-07-01,Gray,3,Unknown,5,40.712159,-73.979415
CENTRAL MANHATTAN,B,Madison Square Park,8,B-07-02,Gray,3,Unknown,5,40.741862,-73.988797
CENTRAL MANHATTAN,B,Madison Square Park,8,B-07-03,Gray,3,Unknown,5,40.711866,-73.97976
CENTRAL MANHATTAN,B,Madison Square Park,8,B-07-04,Gray,3,Unknown,5,40.735587,-73.990367
CENTRAL MANHATTAN,B,Madison Square Park,8,B-07-05,Gray,3,Unknown,5,40.859493,-73.93359
CENTRAL MANHATTAN,B,Madison Square Park,8,B-07-06,Gray,3,Unknown,5,40.842327,-73.934269
CENTRAL MANHATTAN,B,Madison Square Park,8,B-07-07,Gray,3,Unknown,5,40.725738,-73.972105
CENTRAL MANHATTAN,B,Madison Square Park,8,B-07-09,Gray,3,Unknown,5,40.716335,-74.015612
CENTRAL MANHATTAN,B,Madison Square Park,8,B-07-10,Gray,3,Unknown,5,40.722614,-73.972894
CENTRAL MANHATTAN,B,Madison Square Park,8,B-07-11,Gray,3,Unknown,5,40.735847,-73.990115
BROOKLYN,D,McCarren Park,10,D-22-05,Cinnamon,2,Unknown,5,40.703383,-74.015584
BROOKLYN,D,McCarren Park,10,D-22-06,Cinnamon,2,Unknown,5,40.702934,-74.015775
BROOKLYN,D,McCarren Park,10,D-22-07,Cinnamon,2,Unknown,5,40.702411,-74.015896
BROOKLYN,D,Msgr. McGolrick Park,11,D-21-04,Gray,3,Unknown,5,40.731103,-73.996601
BROOKLYN,D,Msgr. McGolrick Park,11,D-21-05,Gray,3,Unknown,5,40.73092,-73.996242
BROOKLYN,D,Msgr. McGolrick Park,11,D-21-07,Gray,3,Unknown,5,40.730782,-73.996017
BROOKLYN,D,Msgr. McGolrick Park,11,D-21-08,Gray,3,Unknown,5,40.712118,-73.97968
BROOKLYN,D,Msgr. McGolrick Park,11,D-21-09,Gray,3,Unknown,5,40.71224,-73.979744
BROOKLYN,D,Msgr. McGolrick Park,11,D-21-10,Gray,3,Unknown,5,40.714875,-74.000346
BROOKLYN,D,Msgr. McGolrick Park,11,D-21-11,Gray,3,Unknown,5,40.703885,-74.016161
CENTRAL MANHATTAN,B,Union Square Park,18,B-08-03,Cinnamon,2,Unknown,5,40.7159,-74.000167
CENTRAL MANHATTAN,B,Union Square Park,18,B-08-04,Gray,3,Unknown,5,40.721161,-73.950732
CENTRAL MANHATTAN,B,Union Square Park,18,B-08-05,Gray,3,Unknown,5,40.842795,-73.933002
CENTRAL MANHATTAN,B,Union Square Park,18,B-08-06,Gray,3,Unknown,5,40.720026,-73.953652
CENTRAL MANHATTAN,B,Union Square Park,18,B-08-09,Gray,3,Unknown,5,40.720026,-73.953652
CENTRAL MANHATTAN,B,Union Square Park,18,B-08-10,Gray,3,Unknown,5,40.720026,-73.953652
CENTRAL MANHATTAN,B,Union Square Park,18,B-08-11,Cinnamon,2,Unknown,5,40.720026,-73.953652
CENTRAL MANHATTAN,B,Union Square Park,18,B-08-12,Gray,3,Unknown,5,40.720026,-73.953652
CENTRAL MANHATTAN,B,Union Square Park,18,B-08-13,Cinnamon,2,Unknown,5,40.720026,-73.953652
CENTRAL MANHATTAN,B,Union Square Park,18,B-08-14,Gray,3,Unknown,5,40.720026,-73.953652
CENTRAL MANHATTAN,B,Union Square Park,18,B-08-15,Gray,3,Unknown,5,40.847113,-73.940937
CENTRAL MANHATTAN,B,Union Square Park,18,B-08-16,Cinnamon,2,Unknown,5,40.725364,-73.943512
CENTRAL MANHATTAN,B,Washington Square Park,19,B-10-05,Gray,3,Unknown,5,40.742255,-73.987433
CENTRAL MANHATTAN,B,Washington Square Park,19,B-10-06,Gray,3,Unknown,5,40.742421,-73.98808
CENTRAL MANHATTAN,B,Washington Square Park,19,B-10-07,Gray,3,Unknown,5,40.742421,-73.98808
CENTRAL MANHATTAN,B,Washington Square Park,19,B-10-08,Gray,3,Unknown,5,40.742421,-73.98808
CENTRAL MANHATTAN,B,Washington Square Park,19,B-10-10,Gray,3,Unknown,5,40.742421,-73.98808
CENTRAL MANHATTAN,B,Washington Square Park,19,B-10-13,Gray,3,Unknown,5,40.742421,-73.98808
CENTRAL MANHATTAN,B,Washington Square Park,19,B-10-14,Gray,3,Unknown,5,40.803616,-73.944464
CENTRAL MANHATTAN,B,Washington Square Park,19,B-10-15,Gray,3,Unknown,5,40.803413,-73.944207
CENTRAL MANHATTAN,B,Washington Square Park,19,B-10-16,Gray,3,Unknown,5,40.80338,-73.944148
CENTRAL MANHATTAN,B,Washington Square Park,19,B-10-17,Gray,3,Unknown,5,40.803392,-73.944228
CENTRAL MANHATTAN,B,Washington Square Park,19,B-10-18,Gray,3,Unknown,5,40.846332,-73.940369
CENTRAL MANHATTAN,B,Washington Square Park,19,B-10-19,Gray,3,Unknown,5,40.721181,-73.951255
CENTRAL MANHATTAN,B,Washington Square Park,19,B-10-20,Gray,3,Unknown,5,40.721181,-73.951255
CENTRAL MANHATTAN,B,Washington Square Park,19,B-10-21,Gray,3,Unknown,5,40.702922,-74.016629
CENTRAL MANHATTAN,B,Washington Square Park,19,B-10-22,Gray,3,Unknown,5,40.704188,-74.014853
CENTRAL MANHATTAN,B,Washington Square Park,19,B-10-23,Gray,3,Unknown,5,40.713044,-74.006242
CENTRAL MANHATTAN,B,Washington Square Park,19,B-10-24,Gray,3,Unknown,5,40.842673,-73.932793
CENTRAL MANHATTAN,B,Washington Square Park,19,B-10-25,Gray,3,Unknown,5,40.842401,-73.932986
CENTRAL MANHATTAN,B,Washington Square Park,19,B-10-26,Gray,3,Unknown,5,40.734221,-73.984397
CENTRAL MANHATTAN,B,Washington Square Park,19,B-10-27,Gray,3,Unknown,5,40.734261,-73.984284
CENTRAL MANHATTAN,B,Washington Square Park,19,B-10-28,Gray,3,Unknown,5,40.734144,-73.984059
CENTRAL MANHATTAN,B,Washington Square Park,19,B-10-29,Gray,3,Unknown,5,40.712179,-73.979776
CENTRAL MANHATTAN,B,Washington Square Park,19,B-10-30,Gray,3,Unknown,5,40.712216,-73.979857
CENTRAL MANHATTAN,B,Washington Square Park,19,B-10-31,Gray,3,Unknown,5,40.704053,-74.01612
CENTRAL MANHATTAN,B,Washington Square Park,19,B-10-32,Gray,3,Unknown,5,40.702597,-74.016132
CENTRAL MANHATTAN,B,Washington Square Park,19,B-10-33,Gray,3,Unknown,5,40.703897,-74.016118
CENTRAL MANHATTAN,B,Washington Square Park,19,B-10-34,Gray,3,Unknown,5,40.703848,-74.016134
CENTRAL MANHATTAN,B,Washington Square Park,19,B-10-35,Gray,3,Unknown,5,40.846222,-73.94094
CENTRAL MANHATTAN,B,Washington Square Park,19,B-10-36,Gray,3,Unknown,5,40.846222,-73.94094
CENTRAL MANHATTAN,B,Washington Square Park,19,B-10-37,Gray,3,Unknown,5,40.730341,-73.996052
CENTRAL MANHATTAN,B,Washington Square Park,19,B-10-38,Gray,3,Unknown,5,40.7303,-73.996106
CENTRAL MANHATTAN,B,Washington Square Park,19,B-10-39,Gray,3,Unknown,5,40.730247,-73.996175
CENTRAL MANHATTAN,B,Washington Square Park,19,B-10-40,Gray,3,Unknown,5,40.730231,-73.996138
CENTRAL MANHATTAN,B,Washington Square Park,19,B-10-41,Gray,3,Unknown,5,40.730077,-73.996277
CENTRAL MANHATTAN,B,Washington Square Park,19,B-10-42,Gray,3,Unknown,5,40.729976,-73.997154
CENTRAL MANHATTAN,B,Washington Square Park,19,B-10-43,Gray,3,Unknown,5,40.72996,-73.997079
CENTRAL MANHATTAN,B,Washington Square Park,19,B-10-44,Gray,3,Unknown,5,40.729927,-73.997036
CENTRAL MANHATTAN,B,Washington Square Park,19,B-10-45,Gray,3,Unknown,5,40.729988,-73.997106
CENTRAL MANHATTAN,B,Washington Square Park,19,B-10-46,Gray,3,Unknown,5,40.72998,-73.997031
CENTRAL MANHATTAN,B,Washington Square Park,19,B-10-47,Gray,3,Unknown,5,40.730318,-73.997213
CENTRAL MANHATTAN,B,Washington Square Park,19,B-10-48,Gray,3,Unknown,5,40.730301,-73.997251
CENTRAL MANHATTAN,B,Washington Square Park,19,B-10-49,Gray,3,Unknown,5,40.730334,-73.997589
CENTRAL MANHATTAN,B,Washington Square Park,19,B-10-50,Gray,3,Unknown,5,40.730411,-73.997589
CENTRAL MANHATTAN,B,Washington Square Park,19,B-10-51,Gray,3,Unknown,5,40.730395,-73.997535
LOWER MANHATTAN,C,Battery Park,1,C-20-07,Cinnamon,2,White,4,40.725397,-73.943297
LOWER MANHATTAN,C,Battery Park,1,C-20-08,Gray,3,White,4,40.722698,-73.953198
LOWER MANHATTAN,C,Battery Park,1,C-20-09,Gray,3,White,4,40.721315,-73.950943
LOWER MANHATTAN,C,Battery Park,1,C-20-11,Gray,3,White,4,40.859418,-73.933895
LOWER MANHATTAN,C,Battery Park,1,C-20-12,Gray,3,White,4,40.859989,-73.934544
LOWER MANHATTAN,C,Battery Park,1,C-20-13,Gray,3,White,4,40.846458,-73.94103
LOWER MANHATTAN,C,Battery Park,1,C-20-15,Gray,3,White,4,40.841212,-73.934827
LOWER MANHATTAN,C,Battery Park,1,C-20-16,Gray,3,White,4,40.817479,-73.949006
LOWER MANHATTAN,C,Battery Park,1,C-20-17,Gray,3,White,4,40.816425,-73.949474
LOWER MANHATTAN,C,Battery Park,1,C-20-21,Gray,3,White,4,40.712881,-74.005823
LOWER MANHATTAN,C,City Hall Park,2,C-19-01,Gray,3,White,4,40.846296,-73.941132
LOWER MANHATTAN,C,City Hall Park,2,C-19-08,Gray,3,White,4,40.841375,-73.934242
LOWER MANHATTAN,C,City Hall Park,2,C-19-10,Gray,3,White,4,40.76117,-73.9724
LOWER MANHATTAN,C,City Hall Park,2,C-19-12,Gray,3,White,4,40.76117,-73.9724
LOWER MANHATTAN,C,City Hall Park,2,C-19-14,Gray,3,White,4,40.76117,-73.9724
LOWER MANHATTAN,C,City Hall Park,2,C-19-15,Gray,3,White,4,40.804253,-73.944121
LOWER MANHATTAN,C,City Hall Park,2,C-19-16,Gray,3,White,4,40.803758,-73.94433
LOWER MANHATTAN,C,City Hall Park,2,C-19-17,Gray,3,White,4,40.76117,-73.9724
LOWER MANHATTAN,C,City Hall Park,2,C-19-18,Gray,3,White,4,40.76117,-73.9724
LOWER MANHATTAN,C,Corlears Hook Park,3,C-15-11,Gray,3,White,4,40.846332,-73.940369
UPPER MANHATTAN,A,Fort Tryon Park,4,A-01-01,Gray,3,White,4,40.723006,-73.951655
UPPER MANHATTAN,A,Fort Tryon Park,4,A-01-02,Gray,3,White,4,40.846222,-73.94094
UPPER MANHATTAN,A,Fort Tryon Park,4,A-01-03,Gray,3,White,4,40.711927,-73.979658
UPPER MANHATTAN,A,Fort Tryon Park,4,A-01-04,Gray,3,White,4,40.734204,-73.984242
UPPER MANHATTAN,A,Fort Tryon Park,4,A-01-07,Gray,3,White,4,40.711316,-73.978343
UPPER MANHATTAN,A,Fort Tryon Park,4,A-01-09,Gray,3,White,4,40.703989,-74.015202
UPPER MANHATTAN,A,Fort Tryon Park,4,A-01-10,Gray,3,White,4,40.722603,-73.951449
UPPER MANHATTAN,A,Fort Tryon Park,4,A-01-12,Gray,3,White,4,40.719944,-73.952505
UPPER MANHATTAN,A,Highbridge Park,5,A-03-02,Gray,3,White,4,40.711442,-73.978354
UPPER MANHATTAN,A,Highbridge Park,5,A-03-03,Gray,3,White,4,40.702313,-74.015644
UPPER MANHATTAN,A,Highbridge Park,5,A-03-04,Gray,3,White,4,40.742792,-73.987046
UPPER MANHATTAN,A,Highbridge Park,5,A-03-12,Gray,3,White,4,40.846088,-73.940613
UPPER MANHATTAN,A,J. Hood Wright Park,6,A-02-13,Gray,3,White,4,40.842359,-73.934177
UPPER MANHATTAN,A,J. Hood Wright Park,6,A-02-15,Gray,3,White,4,40.73672,-73.9674
UPPER MANHATTAN,A,J. Hood Wright Park,6,A-02-24,Cinnamon,2,White,4,40.73672,-73.9674
BROOKLYN,D,McCarren Park,10,D-22-01,Cinnamon,2,White,4,40.704211,-74.015859
BROOKLYN,D,McCarren Park,10,D-22-02,Gray,3,White,4,40.721662,-73.953278
BROOKLYN,D,McCarren Park,10,D-22-03,Gray,3,White,4,40.721713,-73.95305
BROOKLYN,D,McCarren Park,10,D-22-08,Cinnamon,2,White,4,40.720114,-73.952768
BROOKLYN,D,McCarren Park,10,D-22-12,Gray,3,White,4,40.74288,-73.987663
BROOKLYN,D,McCarren Park,10,D-22-13,Gray,3,White,4,40.721941,-73.952947
BROOKLYN,D,McCarren Park,10,D-22-14,Cinnamon,2,White,4,40.715033,-73.989609
BROOKLYN,D,McCarren Park,10,D-22-15,Gray,3,White,4,40.715208,-73.989534
BROOKLYN,D,McCarren Park,10,D-22-23,Gray,3,White,4,40.711417,73.977767
BROOKLYN,D,McCarren Park,10,D-22-24,Gray,3,White,4,40.711421,-73.977692
BROOKLYN,D,McCarren Park,10,D-22-26,Gray,3,White,4,40.711409,-73.977719
BROOKLYN,D,McCarren Park,10,D-22-28,Gray,3,White,4,40.842308,-73.933061
BROOKLYN,D,McCarren Park,10,D-22-30,Gray,3,White,4,40.721026,-73.950765
BROOKLYN,D,McCarren Park,10,D-22-31,Cinnamon,2,White,4,40.72263,-73.973109
BROOKLYN,D,McCarren Park,10,D-22-40,Cinnamon,2,White,4,40.71174,-73.980539
BROOKLYN,D,McCarren Park,10,D-22-43,Gray,3,White,4,40.721247,-73.951609
BROOKLYN,D,Msgr. McGolrick Park,11,D-21-12,Gray,3,White,4,40.713518,-74.006308
UPPER MANHATTAN,A,St. Nicholas Park,14,A-04-01,Gray,3,White,4,40.846088,-73.940613
UPPER MANHATTAN,A,St. Nicholas Park,14,A-04-03,Gray,3,White,4,40.846185,-73.940613
UPPER MANHATTAN,A,St. Nicholas Park,14,A-04-04,Gray,3,White,4,40.841359,-73.934339
UPPER MANHATTAN,A,St. Nicholas Park,14,A-04-05,Gray,3,White,4,40.841375,-73.934242
UPPER MANHATTAN,A,St. Nicholas Park,14,A-04-08,Gray,3,White,4,40.725197,-73.943273
UPPER MANHATTAN,A,St. Nicholas Park,14,A-04-09,Gray,3,White,4,40.725197,-73.943273
UPPER MANHATTAN,A,St. Nicholas Park,14,A-04-12,Gray,3,White,4,40.704171,-74.015242
UPPER MANHATTAN,A,St. Nicholas Park,14,A-04-13,Gray,3,White,4,40.845749,-73.9407
